id,firstName,lastName,maidenName,age,gender,email,phone,username,password,birthDate,image,bloodGroup,height,weight,eyeColor,hairColor,hairType,ip,macAddress,university,city,state,stateCode,postalCode,country,cardNumber,cardType,currency,iban,company,jobTitle,ein,ssn,coin,wallet,network,role
1,Emily,Johnson,Smith,28,female,emily.johnson@x.dummyjson.com,+81 965-431-3024,emilys,emilyspass,1996-05-30,https://dummyjson.com/icon/emilys/128,O-,193.24,63.16,Green,Brown,Curly,42.48.100.32,47:fa:41:18:ec:eb,University of Wisconsin--Madison,Phoenix,Mississippi,MS,29112,United States,9289760655481815,Elo,CNY,YPUXISOBI7TTHPK2BR3HAIXL,"Dooley, Kozey and Cronin",Sales Manager,977-175,900-590-289,Bitcoin,0xb9fc2fe63b2a6c003f1c324c3bfa53259162181a,Ethereum (ERC20),admin
2,Michael,Williams,,35,male,michael.williams@x.dummyjson.com,+49 258-627-6644,michaelw,michaelwpass,1989-08-10,https://dummyjson.com/icon/michaelw/128,B+,186.22,76.32,Red,Green,Straight,12.13.116.142,79:15:78:99:60:aa,Ohio State University,Houston,Alabama,AL,38807,United States,6737807858721625,Elo,SEK,83IDT77FWYLCJVR8ISDACFH0,Spinka - Dickinson,Support Specialist,912-602,108-953-962,Bitcoin,0xb9fc2fe63b2a6c003f1c324c3bfa53259162181a,Ethereum (ERC20),admin
3,Sophia,Brown,,42,female,sophia.brown@x.dummyjson.com,+81 210-652-2785,sophiab,sophiabpass,1982-11-06,https://dummyjson.com/icon/sophiab/128,O-,177.72,52.6,Hazel,White,Wavy,214.225.51.195,12:a3:d3:6f:5c:5b,Pepperdine University,Washington,Alabama,AL,32822,United States,7795895470082859,Korean Express,SEK,90XYKT83LMM7AARZ8JN958JC,Schiller - Zieme,Accountant,963-113,638-461-822,Bitcoin,0xb9fc2fe63b2a6c003f1c324c3bfa53259162181a,Ethereum (ERC20),admin
4,James,Davis,,45,male,james.davis@x.dummyjson.com,+49 614-958-9364,jamesd,jamesdpass,1979-05-04,https://dummyjson.com/icon/jamesd/128,AB+,193.31,62.1,Amber,Blonde,Straight,101.118.131.66,10:7d:df:1f:97:58,University of Southern California,Seattle,Pennsylvania,PA,68354,United States,5005519846254763,Mastercard,INR,7N7ZH1PJ8Q4WU1K965HQQR27,Pagac and Sons,Research Analyst,904-810,116-951-314,Bitcoin,0xb9fc2fe63b2a6c003f1c324c3bfa53259162181a,Ethereum (ERC20),admin
5,Emma,Miller,Johnson,30,female,emma.miller@x.dummyjson.com,+91 759-776-1614,emmaj,emmajpass,1994-06-13,https://dummyjson.com/icon/emmaj/128,AB-,192.8,63.62,Green,White,Straight,224.126.22.183,32:b9:7e:8d:f5:e8,Northeastern University,Jacksonville,Colorado,CO,26593,United States,5772950119588627,American Express,CAD,TAVHURD845KVBTB8W81AQXRY,Graham - Gulgowski,Quality Assurance Engineer,403-505,526-210-885,Bitcoin,0xb9fc2fe63b2a6c003f1c324c3bfa53259162181a,Ethereum (ERC20),admin
6,Olivia,Wilson,,22,female,olivia.wilson@x.dummyjson.com,+91 607-295-6448,oliviaw,oliviawpass,2002-04-20,https://dummyjson.com/icon/oliviaw/128,B+,182.61,58.0,Hazel,Gray,Curly,249.178.112.207,9c:7f:ea:34:18:19,University of North Carolina--Chapel Hill,Fort Worth,Tennessee,TN,83843,United States,6771923832947881,Diners Club International,BRL,V6H0O5OE3Q4JVKWDTYWZABMD,Pfannerstill Inc,Research Analyst,921-709,836-772-168,Bitcoin,0xb9fc2fe63b2a6c003f1c324c3bfa53259162181a,Ethereum (ERC20),moderator
7,Alexander,Jones,,38,male,alexander.jones@x.dummyjson.com,+61 260-824-4986,alexanderj,alexanderjpass,1986-10-20,https://dummyjson.com/icon/alexanderj/128,AB-,153.89,77.42,Blue,White,Straight,166.204.84.32,d2:64:58:2d:1c:46,University of Illinois--Urbana-Champaign,Indianapolis,Delaware,DE,86684,United States,7344951706130140,JCB,EUR,49V4GVDVMP0MHIDD4VXMQ3A2,Dickens - Beahan,Web Developer,638-127,722-993-925,Bitcoin,0xb9fc2fe63b2a6c003f1c324c3bfa53259162181a,Ethereum (ERC20),moderator
8,Ava,Taylor,,27,female,ava.taylor@x.dummyjson.com,+1 458-853-7877,avat,avatpass,1997-08-25,https://dummyjson.com/icon/avat/128,AB-,168.47,57.08,Hazel,Red,Kinky,150.73.197.233,8d:2e:c2:d6:e7:a8,University of Wisconsin--Madison,Fort Worth,Rhode Island,RI,24771,United States,6412128967460199,Maestro,CNY,TS66YQ8R16OX7IJKLUONDQHP,Nikolaus Inc,Chief Executive Officer,297-762,257-419-109,Bitcoin,0xb9fc2fe63b2a6c003f1c324c3bfa53259162181a,Ethereum (ERC20),moderator
9,Ethan,Martinez,,33,male,ethan.martinez@x.dummyjson.com,+92 933-608-5081,ethanm,ethanmpass,1991-02-12,https://dummyjson.com/icon/ethanm/128,AB+,159.19,68.81,Hazel,Purple,Curly,63.191.127.71,59:e:9e:e3:29:da,Syracuse University,San Antonio,Louisiana,LA,72360,United States,7183482484317509,Visa,CAD,CW5U5KS23U7JYD22TVQL7SIH,Gorczany - Gottlieb,Legal Counsel,790-434,569-650-348,Bitcoin,0xb9fc2fe63b2a6c003f1c324c3bfa53259162181a,Ethereum (ERC20),moderator
10,Isabella,Anderson,Davis,31,female,isabella.anderson@x.dummyjson.com,+49 770-658-4885,isabellad,isabelladpass,1993-06-10,https://dummyjson.com/icon/isabellad/128,A-,150.56,50.1,Brown,Blonde,Curly,114.9.114.205,b1:b0:d0:a2:82:80,California Institute of Technology (Caltech),New York,Utah,UT,89352,United States,6118714010128731,NPS,CNY,GBZRGDMKUOTO34HBCI7A986J,Pollich - Hilpert,Chief Financial Officer,127-297,902-438-728,Bitcoin,0xb9fc2fe63b2a6c003f1c324c3bfa53259162181a,Ethereum (ERC20),moderator
11,Liam,Garcia,,29,male,liam.garcia@x.dummyjson.com,+92 870-217-6201,liamg,liamgpass,1995-06-06,https://dummyjson.com/icon/liamg/128,AB-,162.32,93.16,Violet,Red,Wavy,56.201.85.9,31:9a:28:8b:99:6c,Ohio State University,Denver,South Dakota,SD,57252,United States,2302893002194899,Discover,GBP,O8ENPRB9UVBL2EFZ7601KC09,Considine - Torp,Web Developer,326-604,933-784-949,Bitcoin,0xb9fc2fe63b2a6c003f1c324c3bfa53259162181a,Ethereum (ERC20),moderator
12,Mia,Rodriguez,,24,female,mia.rodriguez@x.dummyjson.com,+49 989-461-8403,miar,miarpass,2000-08-04,https://dummyjson.com/icon/miar/128,O-,188.08,56.03,Blue,Purple,Wavy,11.72.253.90,53:d7:a4:6:1e:58,William & Mary,Jacksonville,West Virginia,WV,41810,United States,1539872303456158,Carte Bancaire,CAD,EBMD95RLK8B82ZAZNXBJ09V5,"Miller, Schowalter and Wisozk",Business Analyst,754-660,749-524-124,Bitcoin,0xb9fc2fe63b2a6c003f1c324c3bfa53259162181a,Ethereum (ERC20),moderator
13,Noah,Hernandez,,40,male,noah.hernandez@x.dummyjson.com,+49 393-605-6968,noahh,noahhpass,1984-06-05,https://dummyjson.com/icon/noahh/128,AB+,188.62,69.49,Brown,Red,Curly,169.154.126.57,d4:fe:ae:8f:eb:a3,New York University (NYU),New York,North Dakota,ND,73696,United States,1681772579326385,Discover,SEK,G4UIZKIQVPJM9D31XQVR1E9Z,"Botsford, Marquardt and Roberts",Database Administrator,877-628,660-847-389,Bitcoin,0xb9fc2fe63b2a6c003f1c324c3bfa53259162181a,Ethereum (ERC20),moderator
14,Charlotte,Lopez,Martinez,36,female,charlotte.lopez@x.dummyjson.com,+44 373-953-5028,charlottem,charlottempass,1988-06-08,https://dummyjson.com/icon/charlottem/128,AB-,178.92,82.46,Brown,Gray,Kinky,119.103.95.60,f6:ff:37:aa:6c:f1,Northeastern University,Columbus,Ohio,OH,42044,United States,5675368650551956,Maestro,CNY,FKK6U634LGI3E7N517DLVVTL,Zulauf and Sons,Chief Executive Officer,364-782,255-491-479,Bitcoin,0xb9fc2fe63b2a6c003f1c324c3bfa53259162181a,Ethereum (ERC20),moderator
15,William,Gonzalez,,32,male,william.gonzalez@x.dummyjson.com,+81 905-252-7319,williamg,williamgpass,1992-03-27,https://dummyjson.com/icon/williamg/128,B-,173.21,82.41,Hazel,Gray,Curly,250.2.241.204,f5:68:28:f9:ec:89,Tufts University,San Jose,Utah,UT,78243,United States,6053000793215148,Mir,EUR,AR01SNDMKGECX0EYH7UCW61W,Spinka - Dickinson,Software Architect,830-515,690-544-755,Bitcoin,0xb9fc2fe63b2a6c003f1c324c3bfa53259162181a,Ethereum (ERC20),moderator
16,Avery,Perez,,25,female,avery.perez@x.dummyjson.com,+61 731-431-3457,averyp,averyppass,1999-03-10,https://dummyjson.com/icon/averyp/128,O-,172.68,93.9,Brown,Green,Curly,131.217.4.214,b3:ff:f3:c5:37:46,Harvard University,Columbus,Iowa,IA,30973,United States,0961014686718571,Carte Bancaire,USD,28JYZAY4KYT48YI8QW40PWXR,Herzog Inc,Database Administrator,348-493,679-523-686,Bitcoin,0xb9fc2fe63b2a6c003f1c324c3bfa53259162181a,Ethereum (ERC20),user
17,Evelyn,Sanchez,,37,female,evelyn.sanchez@x.dummyjson.com,+1 623-880-6871,evelyns,evelynspass,1987-10-13,https://dummyjson.com/icon/evelyns/128,B+,184.08,83.15,Violet,Blue,Curly,87.114.135.146,f8:e5:bd:43:bc:d8,Washington University in St. Louis,San Diego,Wyoming,WY,43423,United States,4557521697420096,UnionPay,SEK,KN8XAPR2J5UB8AKDI1EVJ56R,Predovic - Johns,Chief Financial Officer,604-817,689-332-644,Bitcoin,0xb9fc2fe63b2a6c003f1c324c3bfa53259162181a,Ethereum (ERC20),user
18,Logan,Torres,,31,male,logan.torres@x.dummyjson.com,+81 507-434-8733,logant,logantpass,1993-10-26,https://dummyjson.com/icon/logant/128,A+,190.04,72.43,Green,Green,Curly,155.98.15.162,40:d:5c:1:7d:bf,University of Illinois--Urbana-Champaign,Columbus,Arkansas,AR,78805,United States,7884268130452098,UnionPay,NZD,HZM7V9PYHPZBN72IDFPXGN8Q,Jast - Nader,Data Analyst,576-218,806-639-934,Bitcoin,0xb9fc2fe63b2a6c003f1c324c3bfa53259162181a,Ethereum (ERC20),user
19,Abigail,Rivera,,28,female,abigail.rivera@x.dummyjson.com,+91 228-363-7806,abigailr,abigailrpass,1996-10-11,https://dummyjson.com/icon/abigailr/128,B+,186.39,74.61,Violet,Blue,Kinky,19.183.240.94,1d:a6:58:2a:e5:e4,California Institute of Technology (Caltech),Chicago,New Mexico,NM,11407,United States,4832361886407551,RuPay,BRL,O02LHDNNFCVSM6D4H81DIQHE,Prohaska - Thiel,Business Analyst,173-637,655-823-929,Bitcoin,0xb9fc2fe63b2a6c003f1c324c3bfa53259162181a,Ethereum (ERC20),user
20,Jackson,Evans,,34,male,jackson.evans@x.dummyjson.com,+44 468-628-6686,jacksone,jacksonepass,1990-11-30,https://dummyjson.com/icon/jacksone/128,O-,162.57,74.37,Green,Red,Straight,221.127.144.198,81:14:1:97:88:85,Ohio State University,New York,Arkansas,AR,26600,United States,2109192842527801,BC Card,EUR,TX26FO9B7YR2VHYDSJBE32AX,Kuhlman LLC,Web Developer,843-260,248-787-886,Bitcoin,0xb9fc2fe63b2a6c003f1c324c3bfa53259162181a,Ethereum (ERC20),user
21,Madison,Collins,,26,female,madison.collins@x.dummyjson.com,+81 259-957-5711,madisonc,madisoncpass,1998-03-07,https://dummyjson.com/icon/madisonc/128,B-,189.28,56.96,Red,Gray,Curly,85.34.1.204,13:b0:d0:23:4d:26,University of Pennsylvania,Philadelphia,New Jersey,NJ,62091,United States,5549175461210252,Mir,CNY,Y0WSN5IED255808SIYBUOMWO,Mayer - Smitham,Chief Technology Officer,716-166,457-258-950,Bitcoin,0xb9fc2fe63b2a6c003f1c324c3bfa53259162181a,Ethereum (ERC20),user
22,Elijah,Stewart,,33,male,elijah.stewart@x.dummyjson.com,+44 468-357-7872,elijahs,elijahspass,1991-10-22,https://dummyjson.com/icon/elijahs/128,A-,195.33,81.64,Blue,Purple,Straight,23.87.135.62,75:17:c6:35:fc:6d,Georgetown University,Columbus,Illinois,IL,31585,United States,0798116671286564,JCB,GBP,E1XUHCC1N39WGU6XESSK1CAO,Langworth Group,Business Analyst,520-394,287-380-801,Bitcoin,0xb9fc2fe63b2a6c003f1c324c3bfa53259162181a,Ethereum (ERC20),user
23,Chloe,Morales,,39,female,chloe.morales@x.dummyjson.com,+92 468-541-7133,chloem,chloempass,1985-04-21,https://dummyjson.com/icon/chloem/128,O+,185.07,63.97,Brown,Red,Kinky,66.78.20.21,fc:f:29:e1:37:b8,Syracuse University,Dallas,New Jersey,NJ,54972,United States,3150496938377346,American Express,PKR,P7YLGOOBWBD1SRWDWSFO3PZ0,Grady LLC,Database Administrator,913-597,938-883-163,Bitcoin,0xb9fc2fe63b2a6c003f1c324c3bfa53259162181a,Ethereum (ERC20),user
24,Mateo,Nguyen,,30,male,mateo.nguyen@x.dummyjson.com,+1 341-597-6694,mateon,mateonpass,1994-06-02,https://dummyjson.com/icon/mateon/128,O+,174.29,59.98,Red,Purple,Wavy,192.57.144.7,a7:26:10:7a:36:29,Columbia University,Columbus,Missouri,MO,20673,United States,5545852224851851,JCB,TRY,WEBE9SBX588VFUCVCA6KFHWB,Spinka LLC,Business Analyst,229-249,416-877-230,Bitcoin,0xb9fc2fe63b2a6c003f1c324c3bfa53259162181a,Ethereum (ERC20),user
25,Harper,Kelly,Evans,27,female,harper.kelly@x.dummyjson.com,+92 518-863-2863,harpere,harperepass,1997-03-03,https://dummyjson.com/icon/harpere/128,AB-,184.32,81.69,Amber,Red,Curly,174.111.61.162,b:ff:33:67:94:e4,Boston College,Philadelphia,New York,NY,69521,United States,1298153007505587,RuPay,JPY,DJI19LCUNUHP6YSGPY52D5VG,"Leffler, Rolfson and Becker",Business Development Manager,592-557,209-544-548,Bitcoin,0xb9fc2fe63b2a6c003f1c324c3bfa53259162181a,Ethereum (ERC20),user
26,Evelyn,Gonzalez,,35,female,evelyn.gonzalez@x.dummyjson.com,+61 708-508-4638,evelyng,evelyngpass,1989-02-05,https://dummyjson.com/icon/evelyng/128,O+,168.94,58.47,Red,Black,Wavy,42.52.74.232,89:5e:5a:2a:72:42,Washington University in St. Louis,Dallas,Maine,ME,84898,United States,9584313788145560,RuPay,INR,X4UPULQG61VIGA97USY7AAEB,"Tromp, Gaylord and Weber",Project Manager,569-275,487-680-127,Bitcoin,0xb9fc2fe63b2a6c003f1c324c3bfa53259162181a,Ethereum (ERC20),user
27,Daniel,Cook,,41,male,daniel.cook@x.dummyjson.com,+44 254-761-6843,danielc,danielcpass,1983-12-25,https://dummyjson.com/icon/danielc/128,AB+,186.21,83.72,Brown,Blonde,Curly,1.61.73.142,6e:73:dc:3a:85:10,Columbia University,Los Angeles,Nevada,NV,58781,United States,8452555751345228,Korean Express,NZD,A8DBPECO4X6D09WYOVT8UZK8,"Morissette, Baumbach and Auer",Legal Counsel,585-905,645-515-583,Bitcoin,0xb9fc2fe63b2a6c003f1c324c3bfa53259162181a,Ethereum (ERC20),user
28,Lily,Lee,Brown,29,female,lily.lee@x.dummyjson.com,+1 808-757-9867,lilyb,lilybpass,1995-12-03,https://dummyjson.com/icon/lilyb/128,AB-,181.42,51.49,Gray,Purple,Straight,67.184.255.96,18:b6:c7:a:50:3f,Johns Hopkins University,Phoenix,Massachusetts,MA,41540,United States,2903637820228856,Visa,JPY,BKX6ZWB8UJZD09RFOWFPPD3C,Cremin Inc,Quality Assurance Engineer,229-776,358-185-671,Bitcoin,0xb9fc2fe63b2a6c003f1c324c3bfa53259162181a,Ethereum (ERC20),user
29,Henry,Hill,,38,male,henry.hill@x.dummyjson.com,+1 240-833-4680,henryh,henryhpass,1986-08-19,https://dummyjson.com/icon/henryh/128,O-,180.25,95.84,Gray,Black,Straight,194.43.55.202,fa:c3:1b:21:5f:44,University of Illinois--Urbana-Champaign,Indianapolis,Delaware,DE,81783,United States,7262597174206766,Diners Club International,SEK,7N3JP8KN9AUNXOWRQGAU2JX6,"Gerlach, Funk and Schoen",Sales Manager,118-957,925-686-100,Bitcoin,0xb9fc2fe63b2a6c003f1c324c3bfa53259162181a,Ethereum (ERC20),user
30,Addison,Wright,,32,female,addison.wright@x.dummyjson.com,+1 514-384-3300,addisonw,addisonwpass,1992-01-03,https://dummyjson.com/icon/addisonw/128,B+,179.32,76.93,Brown,Blonde,Straight,11.35.69.81,fb:0:94:21:16:c,Syracuse University,San Francisco,Montana,MT,54698,United States,3756638438861539,Carte Bancaire,JPY,OOPQTNZ74OLPKVT7TGB89UQL,Kreiger Inc,Human Resources Manager,415-286,804-492-390,Bitcoin,0xb9fc2fe63b2a6c003f1c324c3bfa53259162181a,Ethereum (ERC20),user
